{
    "AI": [
        0.5,
        {
            "black box": 0.10428614700081384,
            "computer": 0.11025520945194393,
            "enterprise software": 0.2008811749810759,
            "mycroft AI": 0.4999998321172753,
            "open source": 0.22112438978803353,
            "pi": 0.11025520945194393,
            "project": 0.19860052860724214,
            "right button": 0.12568702834647616,
            "science": 0.44865853939100275,
            "science project": 0.3236295339991224,
            "voice": 0.11025520945194393,
            "voice assistant": 0.11025520945194393,
            "world": 0.24659393367200078
        }
    ],
    "black box": [
        0.5,
        {
            "AI": 0.10428614700081384,
            "button": 0.44455026327481617,
            "computer": 0.4570264821027728,
            "desktop computer": 0.3309779724810944,
            "enterprise software": 0.12651930022834323,
            "open source": 0.3039951691232257,
            "pi": 0.3747314809792103,
            "project": 0.1110535742843994,
            "raspberry": 0.28436385125509545,
            "raspberry pi": 0.32954766611715286,
            "right button": 0.31475194141562357,
            "science project": 0.1048273206202248,
            "software application": 0.1593674927233953,
            "voice": 0.3744454337338322,
            "voice assistant": 0.3744454337338322,
            "world": 0.285172490872966
        }
    ],
    "button": [
        0.5,
        {
            "black box": 0.44455026327481617,
            "computer": 0.547992777484284,
            "desktop computer": 0.45766166065737357,
            "open source": 0.3727144515502788,
            "pi": 0.23347948820954736,
            "project": 0.10490909657981497,
            "raspberry": 0.24537748121481076,
            "raspberry pi": 0.23942848471217906,
            "right button": 0.6212794725318744,
            "science": 0.15650598128500132,
            "science project": 0.13070753893240813,
            "voice": 0.23347948820954736,
            "voice assistant": 0.23347948820954736,
            "world": 0.5398522080354271
        }
    ],
    "computer": [
        0.5,
        {
            "AI": 0.11025520945194393,
            "black box": 0.4570264821027728,
            "button": 0.547992777484284,
            "desktop computer": 0.6503046822398101,
            "open source": 0.29323035954545784,
            "pi": 0.4491269307442513,
            "raspberry": 0.1644814445040212,
            "raspberry pi": 0.30680418762413625,
            "right button": 0.34289747859209846,
            "voice": 0.44865853939100275,
            "voice assistant": 0.44865853939100275,
            "world": 0.23347948820954736
        }
    ],
    "desktop computer": [
        0.5,
        {
            "black box": 0.3309779724810944,
            "button": 0.45766166065737357,
            "computer": 0.6503046822398101,
            "open source": 0.24591544407635,
            "pi": 0.26750961719588695,
            "raspberry": 0.1058100700983515,
            "raspberry pi": 0.18665984364711924,
            "right button": 0.29531544023333445,
            "voice": 0.2672754215192627,
            "voice assistant": 0.2672754215192627,
            "world": 0.19499273474727435
        }
    ],
    "enterprise software": [
        0.5,
        {
            "AI": 0.2008811749810759,
            "black box": 0.12651930022834323,
            "mycroft AI": 0.10044058749053796,
            "open source": 0.13875969704914626,
            "project": 0.4335413309019067,
            "raspberry": 0.1132879380222863,
            "right button": 0.10283131019381661,
            "science": 0.10524196748084612,
            "science project": 0.2693916491913764,
            "software": 0.5361160608606563,
            "software application": 0.5273953283029675,
            "voice": 0.2468315878894779,
            "voice assistant": 0.12341579394473895,
            "world": 0.24150679928388094
        }
    ],
    "mycroft AI": [
        0.5,
        {
            "AI": 0.4999998321172753,
            "enterprise software": 0.10044058749053796,
            "open source": 0.11056219489401677,
            "science": 0.22432926969550138,
            "science project": 0.1618147669995612,
            "world": 0.12329696683600039
        }
    ],
    "open source": [
        0.5,
        {
            "AI": 0.22112438978803353,
            "black box": 0.3039951691232258,
            "button": 0.3727144515502788,
            "computer": 0.29323035954545784,
            "desktop computer": 0.24591544407634996,
            "enterprise software": 0.13875969704914626,
            "mycroft AI": 0.11056219489401677,
            "pi": 0.29323035954545784,
            "project": 0.3661397062934708,
            "raspberry": 0.12854282935530834,
            "raspberry pi": 0.2108865944503831,
            "right button": 0.41178871701968345,
            "science": 0.36085226925653296,
            "science project": 0.3634959877750019,
            "software": 0.15308062173566334,
            "software application": 0.18630435668650114,
            "voice": 0.34106901380027504,
            "voice assistant": 0.31714968667286647,
            "world": 0.40291490785765505
        }
    ],
    "pi": [
        0.5,
        {
            "AI": 0.11025520945194393,
            "black box": 0.3747314809792103,
            "button": 0.23347948820954736,
            "computer": 0.4491269307442513,
            "desktop computer": 0.26750961719588695,
            "open source": 0.29323035954545784,
            "raspberry": 0.1644814445040212,
            "raspberry pi": 0.5822345780774084,
            "right button": 0.18564083395473013,
            "software application": 0.2705150514156299,
            "voice": 0.44865853939100275,
            "voice assistant": 0.44865853939100275,
            "world": 0.23347948820954736
        }
    ],
    "project": [
        0.5,
        {
            "AI": 0.19860052860724214,
            "black box": 0.1110535742843994,
            "button": 0.10490909657981497,
            "enterprise software": 0.4335413309019067,
            "open source": 0.3661397062934708,
            "right button": 0.23548464165053828,
            "science": 0.29627717354089544,
            "science project": 0.6479137700002144,
            "software application": 0.24868928846201485,
            "voice": 0.29627717354089544,
            "voice assistant": 0.14813858677044772,
            "world": 0.3618737569427491
        }
    ],
    "raspberry": [
        0.5,
        {
            "black box": 0.28436385125509545,
            "button": 0.24537748121481076,
            "computer": 0.1644814445040212,
            "desktop computer": 0.1058100700983515,
            "enterprise software": 0.1132879380222863,
            "open source": 0.12854282935530834,
            "pi": 0.1644814445040212,
            "raspberry pi": 0.5822388716542377,
            "right button": 0.16050246045662148,
            "software": 0.1378021796999129,
            "software application": 0.1716894373825217,
            "voice": 0.30668439095763,
            "voice assistant": 0.2355829177308256,
            "world": 0.19860052860724214
        }
    ],
    "raspberry pi": [
        0.5,
        {
            "black box": 0.32954766611715286,
            "button": 0.23942848471217906,
            "computer": 0.30680418762413625,
            "desktop computer": 0.18665984364711924,
            "open source": 0.2108865944503831,
            "pi": 0.5822345780774084,
            "raspberry": 0.5822388716542377,
            "right button": 0.1730716472056758,
            "software": 0.11508687157008497,
            "software application": 0.22110224439907583,
            "voice": 0.3776714651743164,
            "voice assistant": 0.3421207285609142,
            "world": 0.21604000840839477
        }
    ],